{
 "suit.toon": {
    "sounds": [
      "suit/toon"
    ],
    "category": "player"
 },
  "suit.toonoff": {
    "sounds": [
      "suit/toonoff"
 ],
    "category": "player"
 },
  "suit.bonkhit": {
    "sounds": [
      "suit/bonkhit"
 ],
    "category": "player"
 },
  "suit.toonboing": {
    "sounds": [
      "suit/toonboing"
 ],
    "category": "player"
},
  "suit.toondoink": {
    "sounds": [
      "suit/toondoink"
 ],
    "category": "player"
},
  "suit.toonhurt": {
    "sounds": [
      "suit/toonhurt"
 ],
    "category": "player"
  }
}